Workbook

Sheet How to Use
B2: Hairshalo - Add Product sheet
B3: The same fields as Admin Panel → Products → Add Product, laid out so you can prepare products before entering them.
B5: Sheets in this workbook
B6: Products | C6: One row per product: form sections 1 Basic Information, 2 Pricing & Discount, 4 Images & Video, 5 Merchandising, 6 Publishing.
B7: Variants | C7: One row per variant (form section 3). Every product needs at least one variant - even a one-size product.
B8: Example | C8: A filled-in product with three variants, showing the expected format.
B9: Lists | C9: Values used by the dropdowns. Add your own categories to the Category column.
B11: Colour key
B12: Required * | C12: Needed to save or publish the product.
B13: Recommended | C13: Fill in wherever you can - it helps customers buy.
B14: Optional | C14: Nice to have.
B15: Calculated | C15: Formulas - don't type here. They show the selling price and what is missing.
B16: Blue text | C16: Values you type in (inputs).
B18: To publish, a product needs
B19: A category | C19: Hard rule - can't publish without it.
B20: A price | C20: Hard rule - an Original Price, or a Price Override on at least one variant.
B21: At least one variant | C21: Hard rule - with a SKU and stock.
B22: A description | C22: Checked on publish; can only be skipped by forcing it.
B23: A main image | C23: Checked on publish; can only be skipped by forcing it.
C24: The 'Ready to Publish?' column on the Products sheet checks all of these for you.
B26: Pricing rules (all prices in ₹)
B27: Selling price | C27: Original Price minus the discount. The server recalculates it when you save.
B28: Percentage discount | C28: 0 to 100. 10 means 10% off.
B29: Fixed discount | C29: Rupees off - can't be more than the original price.
B30: Variant prices | C30: Leave Price Override blank and the variant sells at the product's selling price. A variant discount only applies when the variant has its own Price Override.
B32: Entering it in the Admin Panel
B33: 1 | C33: Products → Add Product. Type the Products-sheet row into sections 1, 2, 5 and 6.
B34: 2 | C34: Section 3: click '+ Add Variant' once for each Variants-sheet row of that product.
B35: 3 | C35: Save Draft first - images and video can only be uploaded after the product is saved.
B36: 4 | C36: Section 4: upload the photos named in the Images column (first one = main image).
B37: 5 | C37: Check the readiness hint, then Publish Product.

Sheet Products
A1: 1 · Basic Information | O1: 2 · Pricing & Discount | T1: 4 · Images & Video | V1: 5 · Merchandising | AA1: 6 · Publishing | AB1: Checks (automatic)
A2: Product Name * | B2: Category * | C2: Brand | D2: Short Description | E2: Full Description * | F2: Hair Type | G2: Texture | H2: Construction | I2: Product Type | J2: Weight | K2: Heat Resistance | L2: Features | M2: Benefits | N2: Care Instructions | O2: Original Price (₹) * | P2: Discount Type | Q2: Discount Value | R2: Discount (₹) | S2: Selling Price (₹) | T2: Images (file names) * | U2: Video (file name) | V2: Badge | W2: Sort Order | X2: Featured | Y2: Bestseller | Z2: New Arrival | AA2: Status | AB2: Variants | AC2: Ready to Publish?
R3: =IF(O3="","",IF(P3="Percentage",ROUND(O3*N(Q3)/100,2),IF(P3="Fixed amount",N(Q3),0))) | S3: =IF(O3="","",O3-R3) | AB3: =IF(A3="","",COUNTIF(Variants!$A$3:$A$1502,A3)) | AC3: =IF(A3="","",IF(IF(E3="","description, ","")&IF(AND(O3="",COUNTIFS(Variants!$A$3:$A$1502,A3,Variants!$K$3:$K$1502,"<>")=0),"price, ","")&IF(T3="","image, ","")&IF(B3="","category, ","")&IF(N(AB3)=0,"variant, ","")&IF(AND(P3="Percentage",N(Q3)>100),"discount over 100%, ","")&IF(AND(P3="Fixed amount",O3<>"",N(Q3)>N(O3)),"discount over price, ","")="","Ready","Missing: "&LEFT(IF(E3="","description, ","")&IF(AND(O3="",COUNTIFS(Variants!$A$3:$A$1502,A3,Variants!$K$3:$K$1502,"<>")=0),"price, ","")&IF(T3="","image, ","")&IF(B3="","category, ","")&IF(N(AB3)=0,"variant, ","")&IF(AND(P3="Percentage",N(Q3)>100),"discount over 100%, ","")&IF(AND(P3="Fixed amount",O3<>"",N(Q3)>N(O3)),"discount over price, ",""),LEN(IF(E3="","description, ","")&IF(AND(O3="",COUNTIFS(Variants!$A$3:$A$1502,A3,Variants!$K$3:$K$1502,"<>")=0),"price, ","")&IF(T3="","image, ","")&IF(B3="","category, ","")&IF(N(AB3)=0,"variant, ","")&IF(AND(P3="Percentage",N(Q3)>100),"discount over 100%, ","")&IF(AND(P3="Fixed amount",O3<>"",N(Q3)>N(O3)),"discount over price, ",""))-2)))
R4: =IF(O4="","",IF(P4="Percentage",ROUND(O4*N(Q4)/100,2),IF(P4="Fixed amount",N(Q4),0))) | S4: =IF(O4="","",O4-R4) | AB4: =IF(A4="","",COUNTIF(Variants!$A$3:$A$1502,A4)) | AC4: =IF(A4="","",IF(IF(E4="","description, ","")&IF(AND(O4="",COUNTIFS(Variants!$A$3:$A$1502,A4,Variants!$K$3:$K$1502,"<>")=0),"price, ","")&IF(T4="","image, ","")&IF(B4="","category, ","")&IF(N(AB4)=0,"variant, ","")&IF(AND(P4="Percentage",N(Q4)>100),"discount over 100%, ","")&IF(AND(P4="Fixed amount",O4<>"",N(Q4)>N(O4)),"discount over price, ","")="","Ready","Missing: "&LEFT(IF(E4="","description, ","")&IF(AND(O4="",COUNTIFS(Variants!$A$3:$A$1502,A4,Variants!$K$3:$K$1502,"<>")=0),"price, ","")&IF(T4="","image, ","")&IF(B4="","category, ","")&IF(N(AB4)=0,"variant, ","")&IF(AND(P4="Percentage",N(Q4)>100),"discount over 100%, ","")&IF(AND(P4="Fixed amount",O4<>"",N(Q4)>N(O4)),"discount over price, ",""),LEN(IF(E4="","description, ","")&IF(AND(O4="",COUNTIFS(Variants!$A$3:$A$1502,A4,Variants!$K$3:$K$1502,"<>")=0),"price, ","")&IF(T4="","image, ","")&IF(B4="","category, ","")&IF(N(AB4)=0,"variant, ","")&IF(AND(P4="Percentage",N(Q4)>100),"discount over 100%, ","")&IF(AND(P4="Fixed amount",O4<>"",N(Q4)>N(O4)),"discount over price, ",""))-2)))
R5: =IF(O5="","",IF(P5="Percentage",ROUND(O5*N(Q5)/100,2),IF(P5="Fixed amount",N(Q5),0))) | S5: =IF(O5="","",O5-R5) | AB5: =IF(A5="","",COUNTIF(Variants!$A$3:$A$1502,A5)) | AC5: =IF(A5="","",IF(IF(E5="","description, ","")&IF(AND(O5="",COUNTIFS(Variants!$A$3:$A$1502,A5,Variants!$K$3:$K$1502,"<>")=0),"price, ","")&IF(T5="","image, ","")&IF(B5="","category, ","")&IF(N(AB5)=0,"variant, ","")&IF(AND(P5="Percentage",N(Q5)>100),"discount over 100%, ","")&IF(AND(P5="Fixed amount",O5<>"",N(Q5)>N(O5)),"discount over price, ","")="","Ready","Missing: "&LEFT(IF(E5="","description, ","")&IF(AND(O5="",COUNTIFS(Variants!$A$3:$A$1502,A5,Variants!$K$3:$K$1502,"<>")=0),"price, ","")&IF(T5="","image, ","")&IF(B5="","category, ","")&IF(N(AB5)=0,"variant, ","")&IF(AND(P5="Percentage",N(Q5)>100),"discount over 100%, ","")&IF(AND(P5="Fixed amount",O5<>"",N(Q5)>N(O5)),"discount over price, ",""),LEN(IF(E5="","description, ","")&IF(AND(O5="",COUNTIFS(Variants!$A$3:$A$1502,A5,Variants!$K$3:$K$1502,"<>")=0),"price, ","")&IF(T5="","image, ","")&IF(B5="","category, ","")&IF(N(AB5)=0,"variant, ","")&IF(AND(P5="Percentage",N(Q5)>100),"discount over 100%, ","")&IF(AND(P5="Fixed amount",O5<>"",N(Q5)>N(O5)),"discount over price, ",""))-2)))
R6: =IF(O6="","",IF(P6="Percentage",ROUND(O6*N(Q6)/100,2),IF(P6="Fixed amount",N(Q6),0))) | S6: =IF(O6="","",O6-R6) | AB6: =IF(A6="","",COUNTIF(Variants!$A$3:$A$1502,A6)) | AC6: =IF(A6="","",IF(IF(E6="","description, ","")&IF(AND(O6="",COUNTIFS(Variants!$A$3:$A$1502,A6,Variants!$K$3:$K$1502,"<>")=0),"price, ","")&IF(T6="","image, ","")&IF(B6="","category, ","")&IF(N(AB6)=0,"variant, ","")&IF(AND(P6="Percentage",N(Q6)>100),"discount over 100%, ","")&IF(AND(P6="Fixed amount",O6<>"",N(Q6)>N(O6)),"discount over price, ","")="","Ready","Missing: "&LEFT(IF(E6="","description, ","")&IF(AND(O6="",COUNTIFS(Variants!$A$3:$A$1502,A6,Variants!$K$3:$K$1502,"<>")=0),"price, ","")&IF(T6="","image, ","")&IF(B6="","category, ","")&IF(N(AB6)=0,"variant, ","")&IF(AND(P6="Percentage",N(Q6)>100),"discount over 100%, ","")&IF(AND(P6="Fixed amount",O6<>"",N(Q6)>N(O6)),"discount over price, ",""),LEN(IF(E6="","description, ","")&IF(AND(O6="",COUNTIFS(Variants!$A$3:$A$1502,A6,Variants!$K$3:$K$1502,"<>")=0),"price, ","")&IF(T6="","image, ","")&IF(B6="","category, ","")&IF(N(AB6)=0,"variant, ","")&IF(AND(P6="Percentage",N(Q6)>100),"discount over 100%, ","")&IF(AND(P6="Fixed amount",O6<>"",N(Q6)>N(O6)),"discount over price, ",""))-2)))
R7: =IF(O7="","",IF(P7="Percentage",ROUND(O7*N(Q7)/100,2),IF(P7="Fixed amount",N(Q7),0))) | S7: =IF(O7="","",O7-R7) | AB7: =IF(A7="","",COUNTIF(Variants!$A$3:$A$1502,A7)) | AC7: =IF(A7="","",IF(IF(E7="","description, ","")&IF(AND(O7="",COUNTIFS(Variants!$A$3:$A$1502,A7,Variants!$K$3:$K$1502,"<>")=0),"price, ","")&IF(T7="","image, ","")&IF(B7="","category, ","")&IF(N(AB7)=0,"variant, ","")&IF(AND(P7="Percentage",N(Q7)>100),"discount over 100%, ","")&IF(AND(P7="Fixed amount",O7<>"",N(Q7)>N(O7)),"discount over price, ","")="","Ready","Missing: "&LEFT(IF(E7="","description, ","")&IF(AND(O7="",COUNTIFS(Variants!$A$3:$A$1502,A7,Variants!$K$3:$K$1502,"<>")=0),"price, ","")&IF(T7="","image, ","")&IF(B7="","category, ","")&IF(N(AB7)=0,"variant, ","")&IF(AND(P7="Percentage",N(Q7)>100),"discount over 100%, ","")&IF(AND(P7="Fixed amount",O7<>"",N(Q7)>N(O7)),"discount over price, ",""),LEN(IF(E7="","description, ","")&IF(AND(O7="",COUNTIFS(Variants!$A$3:$A$1502,A7,Variants!$K$3:$K$1502,"<>")=0),"price, ","")&IF(T7="","image, ","")&IF(B7="","category, ","")&IF(N(AB7)=0,"variant, ","")&IF(AND(P7="Percentage",N(Q7)>100),"discount over 100%, ","")&IF(AND(P7="Fixed amount",O7<>"",N(Q7)>N(O7)),"discount over price, ",""))-2)))
R8: =IF(O8="","",IF(P8="Percentage",ROUND(O8*N(Q8)/100,2),IF(P8="Fixed amount",N(Q8),0))) | S8: =IF(O8="","",O8-R8) | AB8: =IF(A8="","",COUNTIF(Variants!$A$3:$A$1502,A8)) | AC8: =IF(A8="","",IF(IF(E8="","description, ","")&IF(AND(O8="",COUNTIFS(Variants!$A$3:$A$1502,A8,Variants!$K$3:$K$1502,"<>")=0),"price, ","")&IF(T8="","image, ","")&IF(B8="","category, ","")&IF(N(AB8)=0,"variant, ","")&IF(AND(P8="Percentage",N(Q8)>100),"discount over 100%, ","")&IF(AND(P8="Fixed amount",O8<>"",N(Q8)>N(O8)),"discount over price, ","")="","Ready","Missing: "&LEFT(IF(E8="","description, ","")&IF(AND(O8="",COUNTIFS(Variants!$A$3:$A$1502,A8,Variants!$K$3:$K$1502,"<>")=0),"price, ","")&IF(T8="","image, ","")&IF(B8="","category, ","")&IF(N(AB8)=0,"variant, ","")&IF(AND(P8="Percentage",N(Q8)>100),"discount over 100%, ","")&IF(AND(P8="Fixed amount",O8<>"",N(Q8)>N(O8)),"discount over price, ",""),LEN(IF(E8="","description, ","")&IF(AND(O8="",COUNTIFS(Variants!$A$3:$A$1502,A8,Variants!$K$3:$K$1502,"<>")=0),"price, ","")&IF(T8="","image, ","")&IF(B8="","category, ","")&IF(N(AB8)=0,"variant, ","")&IF(AND(P8="Percentage",N(Q8)>100),"discount over 100%, ","")&IF(AND(P8="Fixed amount",O8<>"",N(Q8)>N(O8)),"discount over price, ",""))-2)))
R9: =IF(O9="","",IF(P9="Percentage",ROUND(O9*N(Q9)/100,2),IF(P9="Fixed amount",N(Q9),0))) | S9: =IF(O9="","",O9-R9) | AB9: =IF(A9="","",COUNTIF(Variants!$A$3:$A$1502,A9)) | AC9: =IF(A9="","",IF(IF(E9="","description, ","")&IF(AND(O9="",COUNTIFS(Variants!$A$3:$A$1502,A9,Variants!$K$3:$K$1502,"<>")=0),"price, ","")&IF(T9="","image, ","")&IF(B9="","category, ","")&IF(N(AB9)=0,"variant, ","")&IF(AND(P9="Percentage",N(Q9)>100),"discount over 100%, ","")&IF(AND(P9="Fixed amount",O9<>"",N(Q9)>N(O9)),"discount over price, ","")="","Ready","Missing: "&LEFT(IF(E9="","description, ","")&IF(AND(O9="",COUNTIFS(Variants!$A$3:$A$1502,A9,Variants!$K$3:$K$1502,"<>")=0),"price, ","")&IF(T9="","image, ","")&IF(B9="","category, ","")&IF(N(AB9)=0,"variant, ","")&IF(AND(P9="Percentage",N(Q9)>100),"discount over 100%, ","")&IF(AND(P9="Fixed amount",O9<>"",N(Q9)>N(O9)),"discount over price, ",""),LEN(IF(E9="","description, ","")&IF(AND(O9="",COUNTIFS(Variants!$A$3:$A$1502,A9,Variants!$K$3:$K$1502,"<>")=0),"price, ","")&IF(T9="","image, ","")&IF(B9="","category, ","")&IF(N(AB9)=0,"variant, ","")&IF(AND(P9="Percentage",N(Q9)>100),"discount over 100%, ","")&IF(AND(P9="Fixed amount",O9<>"",N(Q9)>N(O9)),"discount over price, ",""))-2)))
R10: =IF(O10="","",IF(P10="Percentage",ROUND(O10*N(Q10)/100,2),IF(P10="Fixed amount",N(Q10),0))) | S10: =IF(O10="","",O10-R10) | AB10: =IF(A10="","",COUNTIF(Variants!$A$3:$A$1502,A10)) | AC10: =IF(A10="","",IF(IF(E10="","description, ","")&IF(AND(O10="",COUNTIFS(Variants!$A$3:$A$1502,A10,Variants!$K$3:$K$1502,"<>")=0),"price, ","")&IF(T10="","image, ","")&IF(B10="","category, ","")&IF(N(AB10)=0,"variant, ","")&IF(AND(P10="Percentage",N(Q10)>100),"discount over 100%, ","")&IF(AND(P10="Fixed amount",O10<>"",N(Q10)>N(O10)),"discount over price, ","")="","Ready","Missing: "&LEFT(IF(E10="","description, ","")&IF(AND(O10="",COUNTIFS(Variants!$A$3:$A$1502,A10,Variants!$K$3:$K$1502,"<>")=0),"price, ","")&IF(T10="","image, ","")&IF(B10="","category, ","")&IF(N(AB10)=0,"variant, ","")&IF(AND(P10="Percentage",N(Q10)>100),"discount over 100%, ","")&IF(AND(P10="Fixed amount",O10<>"",N(Q10)>N(O10)),"discount over price, ",""),LEN(IF(E10="","description, ","")&IF(AND(O10="",COUNTIFS(Variants!$A$3:$A$1502,A10,Variants!$K$3:$K$1502,"<>")=0),"price, ","")&IF(T10="","image, ","")&IF(B10="","category, ","")&IF(N(AB10)=0,"variant, ","")&IF(AND(P10="Percentage",N(Q10)>100),"discount over 100%, ","")&IF(AND(P10="Fixed amount",O10<>"",N(Q10)>N(O10)),"discount over price, ",""))-2)))
R11: =IF(O11="","",IF(P11="Percentage",ROUND(O11*N(Q11)/100,2),IF(P11="Fixed amount",N(Q11),0))) | S11: =IF(O11="","",O11-R11) | AB11: =IF(A11="","",COUNTIF(Variants!$A$3:$A$1502,A11)) | AC11: =IF(A11="","",IF(IF(E11="","description, ","")&IF(AND(O11="",COUNTIFS(Variants!$A$3:$A$1502,A11,Variants!$K$3:$K$1502,"<>")=0),"price, ","")&IF(T11="","image, ","")&IF(B11="","category, ","")&IF(N(AB11)=0,"variant, ","")&IF(AND(P11="Percentage",N(Q11)>100),"discount over 100%, ","")&IF(AND(P11="Fixed amount",O11<>"",N(Q11)>N(O11)),"discount over price, ","")="","Ready","Missing: "&LEFT(IF(E11="","description, ","")&IF(AND(O11="",COUNTIFS(Variants!$A$3:$A$1502,A11,Variants!$K$3:$K$1502,"<>")=0),"price, ","")&IF(T11="","image, ","")&IF(B11="","category, ","")&IF(N(AB11)=0,"variant, ","")&IF(AND(P11="Percentage",N(Q11)>100),"discount over 100%, ","")&IF(AND(P11="Fixed amount",O11<>"",N(Q11)>N(O11)),"discount over price, ",""),LEN(IF(E11="","description, ","")&IF(AND(O11="",COUNTIFS(Variants!$A$3:$A$1502,A11,Variants!$K$3:$K$1502,"<>")=0),"price, ","")&IF(T11="","image, ","")&IF(B11="","category, ","")&IF(N(AB11)=0,"variant, ","")&IF(AND(P11="Percentage",N(Q11)>100),"discount over 100%, ","")&IF(AND(P11="Fixed amount",O11<>"",N(Q11)>N(O11)),"discount over price, ",""))-2)))
R12: =IF(O12="","",IF(P12="Percentage",ROUND(O12*N(Q12)/100,2),IF(P12="Fixed amount",N(Q12),0))) | S12: =IF(O12="","",O12-R12) | AB12: =IF(A12="","",COUNTIF(Variants!$A$3:$A$1502,A12)) | AC12: =IF(A12="","",IF(IF(E12="","description, ","")&IF(AND(O12="",COUNTIFS(Variants!$A$3:$A$1502,A12,Variants!$K$3:$K$1502,"<>")=0),"price, ","")&IF(T12="","image, ","")&IF(B12="","category, ","")&IF(N(AB12)=0,"variant, ","")&IF(AND(P12="Percentage",N(Q12)>100),"discount over 100%, ","")&IF(AND(P12="Fixed amount",O12<>"",N(Q12)>N(O12)),"discount over price, ","")="","Ready","Missing: "&LEFT(IF(E12="","description, ","")&IF(AND(O12="",COUNTIFS(Variants!$A$3:$A$1502,A12,Variants!$K$3:$K$1502,"<>")=0),"price, ","")&IF(T12="","image, ","")&IF(B12="","category, ","")&IF(N(AB12)=0,"variant, ","")&IF(AND(P12="Percentage",N(Q12)>100),"discount over 100%, ","")&IF(AND(P12="Fixed amount",O12<>"",N(Q12)>N(O12)),"discount over price, ",""),LEN(IF(E12="","description, ","")&IF(AND(O12="",COUNTIFS(Variants!$A$3:$A$1502,A12,Variants!$K$3:$K$1502,"<>")=0),"price, ","")&IF(T12="","image, ","")&IF(B12="","category, ","")&IF(N(AB12)=0,"variant, ","")&IF(AND(P12="Percentage",N(Q12)>100),"discount over 100%, ","")&IF(AND(P12="Fixed amount",O12<>"",N(Q12)>N(O12)),"discount over price, ",""))-2)))
R13: =IF(O13="","",IF(P13="Percentage",ROUND(O13*N(Q13)/100,2),IF(P13="Fixed amount",N(Q13),0))) | S13: =IF(O13="","",O13-R13) | AB13: =IF(A13="","",COUNTIF(Variants!$A$3:$A$1502,A13)) | AC13: =IF(A13="","",IF(IF(E13="","description, ","")&IF(AND(O13="",COUNTIFS(Variants!$A$3:$A$1502,A13,Variants!$K$3:$K$1502,"<>")=0),"price, ","")&IF(T13="","image, ","")&IF(B13="","category, ","")&IF(N(AB13)=0,"variant, ","")&IF(AND(P13="Percentage",N(Q13)>100),"discount over 100%, ","")&IF(AND(P13="Fixed amount",O13<>"",N(Q13)>N(O13)),"discount over price, ","")="","Ready","Missing: "&LEFT(IF(E13="","description, ","")&IF(AND(O13="",COUNTIFS(Variants!$A$3:$A$1502,A13,Variants!$K$3:$K$1502,"<>")=0),"price, ","")&IF(T13="","image, ","")&IF(B13="","category, ","")&IF(N(AB13)=0,"variant, ","")&IF(AND(P13="Percentage",N(Q13)>100),"discount over 100%, ","")&IF(AND(P13="Fixed amount",O13<>"",N(Q13)>N(O13)),"discount over price, ",""),LEN(IF(E13="","description, ","")&IF(AND(O13="",COUNTIFS(Variants!$A$3:$A$1502,A13,Variants!$K$3:$K$1502,"<>")=0),"price, ","")&IF(T13="","image, ","")&IF(B13="","category, ","")&IF(N(AB13)=0,"variant, ","")&IF(AND(P13="Percentage",N(Q13)>100),"discount over 100%, ","")&IF(AND(P13="Fixed amount",O13<>"",N(Q13)>N(O13)),"discount over price, ",""))-2)))
R14: =IF(O14="","",IF(P14="Percentage",ROUND(O14*N(Q14)/100,2),IF(P14="Fixed amount",N(Q14),0))) | S14: =IF(O14="","",O14-R14) | AB14: =IF(A14="","",COUNTIF(Variants!$A$3:$A$1502,A14)) | AC14: =IF(A14="","",IF(IF(E14="","description, ","")&IF(AND(O14="",COUNTIFS(Variants!$A$3:$A$1502,A14,Variants!$K$3:$K$1502,"<>")=0),"price, ","")&IF(T14="","image, ","")&IF(B14="","category, ","")&IF(N(AB14)=0,"variant, ","")&IF(AND(P14="Percentage",N(Q14)>100),"discount over 100%, ","")&IF(AND(P14="Fixed amount",O14<>"",N(Q14)>N(O14)),"discount over price, ","")="","Ready","Missing: "&LEFT(IF(E14="","description, ","")&IF(AND(O14="",COUNTIFS(Variants!$A$3:$A$1502,A14,Variants!$K$3:$K$1502,"<>")=0),"price, ","")&IF(T14="","image, ","")&IF(B14="","category, ","")&IF(N(AB14)=0,"variant, ","")&IF(AND(P14="Percentage",N(Q14)>100),"discount over 100%, ","")&IF(AND(P14="Fixed amount",O14<>"",N(Q14)>N(O14)),"discount over price, ",""),LEN(IF(E14="","description, ","")&IF(AND(O14="",COUNTIFS(Variants!$A$3:$A$1502,A14,Variants!$K$3:$K$1502,"<>")=0),"price, ","")&IF(T14="","image, ","")&IF(B14="","category, ","")&IF(N(AB14)=0,"variant, ","")&IF(AND(P14="Percentage",N(Q14)>100),"discount over 100%, ","")&IF(AND(P14="Fixed amount",O14<>"",N(Q14)>N(O14)),"discount over price, ",""))-2)))
... R302: =IF(O302="","",IF(P302="Percentage",ROUND(O302*N(Q302)/100,2),IF(P302="Fixed amount",N(Q302),0))) | S302: =IF(O302="","",O302-R302) | AB302: =IF(A302="","",COUNTIF(Variants!$A$3:$A$1502,A302)) | AC302: =IF(A302="","",IF(IF(E302="","description, ","")&IF(AND(O302="",COUNTIFS(Variants!$A$3:$A$1502,A302,Variants!$K$3:$K$1502,"<>")=0),"price, ","")&IF(T302="","image, ","")&IF(B302="","category, ","")&IF(N(AB302)=0,"variant, ","")&IF(AND(P302="Percentage",N(Q302)>100),"discount over 100%, ","")&IF(AND(P302="Fixed amount",O302<>"",N(Q302)>N(O302)),"discount over price, ","")="","Ready","Missing: "&LEFT(IF(E302="","description, ","")&IF(AND(O302="",COUNTIFS(Variants!$A$3:$A$1502,A302,Variants!$K$3:$K$1502,"<>")=0),"price, ","")&IF(T302="","image, ","")&IF(B302="","category, ","")&IF(N(AB302)=0,"variant, ","")&IF(AND(P302="Percentage",N(Q302)>100),"discount over 100%, ","")&IF(AND(P302="Fixed amount",O302<>"",N(Q302)>N(O302)),"discount over price, ",""),LEN(IF(E302="","description, ","")&IF(AND(O302="",COUNTIFS(Variants!$A$3:$A$1502,A302,Variants!$K$3:$K$1502,"<>")=0),"price, ","")&IF(T302="","image, ","")&IF(B302="","category, ","")&IF(N(AB302)=0,"variant, ","")&IF(AND(P302="Percentage",N(Q302)>100),"discount over 100%, ","")&IF(AND(P302="Fixed amount",O302<>"",N(Q302)>N(O302)),"discount over price, ",""))-2)))

Sheet Variants
A1: 3 · Variants | H1: Stock & availability | K1: Pricing | O1: Photos
A2: Product Name * | B2: SKU * | C2: Length | D2: Density | E2: Colour | F2: Lace Type | G2: Cap Size | H2: Stock * | I2: Low-stock Alert At | J2: Available | K2: Price Override (₹) | L2: Variant Discount Type | M2: Variant Discount Value | N2: Selling Price (₹) | O2: Variant Photos (file names)
N3: =IF(A3="","",IF(K3="",IFERROR(INDEX(Products!$S$3:$S$302,MATCH(A3,Products!$A$3:$A$302,0)),"Product not found"),K3-IF(L3="Percentage",ROUND(K3*N(M3)/100,2),IF(L3="Fixed amount",N(M3),0))))
N4: =IF(A4="","",IF(K4="",IFERROR(INDEX(Products!$S$3:$S$302,MATCH(A4,Products!$A$3:$A$302,0)),"Product not found"),K4-IF(L4="Percentage",ROUND(K4*N(M4)/100,2),IF(L4="Fixed amount",N(M4),0))))
N5: =IF(A5="","",IF(K5="",IFERROR(INDEX(Products!$S$3:$S$302,MATCH(A5,Products!$A$3:$A$302,0)),"Product not found"),K5-IF(L5="Percentage",ROUND(K5*N(M5)/100,2),IF(L5="Fixed amount",N(M5),0))))
N6: =IF(A6="","",IF(K6="",IFERROR(INDEX(Products!$S$3:$S$302,MATCH(A6,Products!$A$3:$A$302,0)),"Product not found"),K6-IF(L6="Percentage",ROUND(K6*N(M6)/100,2),IF(L6="Fixed amount",N(M6),0))))
N7: =IF(A7="","",IF(K7="",IFERROR(INDEX(Products!$S$3:$S$302,MATCH(A7,Products!$A$3:$A$302,0)),"Product not found"),K7-IF(L7="Percentage",ROUND(K7*N(M7)/100,2),IF(L7="Fixed amount",N(M7),0))))
N8: =IF(A8="","",IF(K8="",IFERROR(INDEX(Products!$S$3:$S$302,MATCH(A8,Products!$A$3:$A$302,0)),"Product not found"),K8-IF(L8="Percentage",ROUND(K8*N(M8)/100,2),IF(L8="Fixed amount",N(M8),0))))
N9: =IF(A9="","",IF(K9="",IFERROR(INDEX(Products!$S$3:$S$302,MATCH(A9,Products!$A$3:$A$302,0)),"Product not found"),K9-IF(L9="Percentage",ROUND(K9*N(M9)/100,2),IF(L9="Fixed amount",N(M9),0))))
N10: =IF(A10="","",IF(K10="",IFERROR(INDEX(Products!$S$3:$S$302,MATCH(A10,Products!$A$3:$A$302,0)),"Product not found"),K10-IF(L10="Percentage",ROUND(K10*N(M10)/100,2),IF(L10="Fixed amount",N(M10),0))))
N11: =IF(A11="","",IF(K11="",IFERROR(INDEX(Products!$S$3:$S$302,MATCH(A11,Products!$A$3:$A$302,0)),"Product not found"),K11-IF(L11="Percentage",ROUND(K11*N(M11)/100,2),IF(L11="Fixed amount",N(M11),0))))
N12: =IF(A12="","",IF(K12="",IFERROR(INDEX(Products!$S$3:$S$302,MATCH(A12,Products!$A$3:$A$302,0)),"Product not found"),K12-IF(L12="Percentage",ROUND(K12*N(M12)/100,2),IF(L12="Fixed amount",N(M12),0))))
N13: =IF(A13="","",IF(K13="",IFERROR(INDEX(Products!$S$3:$S$302,MATCH(A13,Products!$A$3:$A$302,0)),"Product not found"),K13-IF(L13="Percentage",ROUND(K13*N(M13)/100,2),IF(L13="Fixed amount",N(M13),0))))
N14: =IF(A14="","",IF(K14="",IFERROR(INDEX(Products!$S$3:$S$302,MATCH(A14,Products!$A$3:$A$302,0)),"Product not found"),K14-IF(L14="Percentage",ROUND(K14*N(M14)/100,2),IF(L14="Fixed amount",N(M14),0))))
... N1502: =IF(A1502="","",IF(K1502="",IFERROR(INDEX(Products!$S$3:$S$302,MATCH(A1502,Products!$A$3:$A$302,0)),"Product not found"),K1502-IF(L1502="Percentage",ROUND(K1502*N(M1502)/100,2),IF(L1502="Fixed amount",N(M1502),0))))

Sheet Lists
A1: Category | B1: Hair Type | C1: Texture | D1: Construction | E1: Discount Type | F1: Badge | G1: Yes/No | H1: Status | J1: Category list = the demo store's categories. Replace or extend it with your live categories (keep them in column A).
A2: Frontal Wigs | B2: Human Hair | C2: Straight | D2: Lace Frontal | E2: No discount | F2: None | G2: Yes | H2: Draft
A3: Closure Wigs | B3: Synthetic | C3: Body Wave | D3: Lace Front | E3: Percentage | F3: New | G3: No | H3: Review
A4: Glueless Wigs | B4: Human Hair Blend | C4: Wavy | D4: Full Lace | E4: Fixed amount | F4: Bestseller | H4: Published
A5: Toppers | C5: Curly | D5: 360 Lace | F5: Featured | H5: Archived
A6: Extensions | C6: Kinky Straight | D6: Closure | F6: Limited
C7: Deep Wave | D7: Glueless Cap | F7: Sale
C8: Afro | D8: Headband
D9: Silk Base Topper
D10: Clip-in
D11: Tape-in
D12: Extensions

Sheet Example
A1: EXAMPLE - for reference only. Fill in the Products and Variants sheets.
A3: Product Name | B3: Category | C3: Brand | D3: Short Description | E3: Full Description | F3: Hair Type | G3: Texture | H3: Construction | I3: Product Type | J3: Weight | K3: Heat Resistance | L3: Features | M3: Benefits | N3: Care Instructions | O3: Original Price (₹) | P3: Discount Type | Q3: Discount Value | R3: Discount (₹) | S3: Selling Price (₹) | T3: Images (file names) | U3: Video (file name) | V3: Badge | W3: Sort Order | X3: Featured | Y3: Bestseller | Z3: New Arrival | AA3: Status | AB3: Variants | AC3: Ready to Publish?
A4: HD Lace Body Wave Wig | B4: Frontal Wigs | C4: Hairshalo Signature | D4: 13x4 HD lace frontal wig in soft body wave, 100% human hair. | E4: Made from 100% virgin human hair with an invisible 13x4 HD lace frontal. Pre-plucked hairline with baby hair; can be dyed, bleached and heat styled. | F4: Human Hair | G4: Body Wave | H4: Lace Frontal | I4: Wig | J4: 220g | K4: Up to 180°C | L4: 13x4 HD lace frontal Pre-plucked hairline Adjustable straps | M4: Natural hairline Lasts 12+ months with care | N4: Wash with sulphate-free shampoo Air dry on a wig stand | O4: 25000 | P4: Percentage | Q4: 10 | R4: =IF(O4="","",IF(P4="Percentage",ROUND(O4*N(Q4)/100,2),IF(P4="Fixed amount",N(Q4),0))) -> 2500 | S4: =O4-R4 -> 22500 | T4: hd-body-wave-front.jpg | hd-body-wave-side.jpg | U4: hd-body-wave.mp4 | V4: Bestseller | W4: 1 | X4: Yes | Y4: Yes | Z4: No | AA4: Draft | AB4: =COUNTIF($A$8:$A$10,A4) -> 3 | AC4: =IF(AND(E4<>"",O4<>"",T4<>"",B4<>"",AB4>0),"Ready","Missing something") -> Ready
A6: Variants of this product
A7: Product Name | B7: SKU | C7: Length | D7: Density | E7: Colour | F7: Lace Type | G7: Cap Size | H7: Stock | I7: Low-stock Alert At | J7: Available | K7: Price Override (₹) | L7: Variant Discount Type | M7: Variant Discount Value | N7: Selling Price (₹) | O7: Variant Photos (file names)
A8: HD Lace Body Wave Wig | B8: VR-HD-16-NB | C8: 16" | D8: 180% | E8: Natural Black | F8: HD Lace | G8: Medium | H8: 12 | I8: 3 | J8: Yes | N8: =IF(K8="",$S$4,K8-IF(L8="Percentage",ROUND(K8*N(M8)/100,2),IF(L8="Fixed amount",N(M8),0))) -> 22500
A9: HD Lace Body Wave Wig | B9: VR-HD-22-NB | C9: 22" | D9: 180% | E9: Natural Black | F9: HD Lace | G9: Medium | H9: 6 | J9: Yes | K9: 29000 | L9: Fixed amount | M9: 2000 | N9: =IF(K9="",$S$4,K9-IF(L9="Percentage",ROUND(K9*N(M9)/100,2),IF(L9="Fixed amount",N(M9),0))) -> 27000
A10: HD Lace Body Wave Wig | B10: VR-HD-22-613 | C10: 22" | D10: 200% | E10: 613 Blonde | F10: HD Lace | G10: Medium | H10: 0 | J10: No | K10: 32000 | L10: No discount | N10: =IF(K10="",$S$4,K10-IF(L10="Percentage",ROUND(K10*N(M10)/100,2),IF(L10="Fixed amount",N(M10),0))) -> 32000 | O10: hd-body-wave-613.jpg
A12: Row 8 has no price override, so it sells at the product's ₹22,500. Row 9 has its own ₹29,000 price with ₹2,000 off. Row 10 is out of stock and hidden from sale.
